EmpID,Employee_Name,Sex,MaritalDesc,DeptID,FromDiversityJobFairID,Salary,Position,State,Zip,DOB,CitizenDesc,HispanicLatino,RaceDesc,DateofHire,DateofTermination,TermReason,EmploymentStatus,Department,ManagerName,ManagerID,RecruitmentSource,PerformanceScore,EngagementSurvey,EmpSatisfaction,SpecialProjectsCount,LastPerformanceReview_Date,DaysLateLast30,Absences
10026, Wilson  K Adinolfi,M ,Single,5,0,62506,Production Technician I,MA,1960,7/10/1983,US Citizen,No,White,7/5/2011,,N/A-StillEmployed,Active,Production       ,Michael Albert,22,LinkedIn,Exceeds,4.6,5,0,1/17/2019,0,1
10084, Karthikeyan    Ait Sidi,M ,Married,3,0,104437,Sr. DBA,MA,2148,5/5/1975,US Citizen,No,White,3/30/2015,6/16/2016,career change,Voluntarily Terminated,IT/IS,Simon Roup,4,Indeed,Fully Meets,4.96,3,6,2/24/2016,0,17
10196, Sarah Akinkuolie,F,Married,5,0,64955,Production Technician II,MA,1810,9/19/1988,US Citizen,No,White,7/5/2011,9/24/2012,hours,Voluntarily Terminated,Production       ,Kissy Sullivan,20,LinkedIn,Fully Meets,3.02,3,0,5/15/2012,0,3
10088,Trina Alagbe,F,Married,5,0,64991,Production Technician I,MA,1886,9/27/1988,US Citizen,No,White,1/7/2008,,N/A-StillEmployed,Active,Production       ,Elijiah Gray,16,Indeed,Fully Meets,4.84,5,0,1/3/2019,0,15
10069, Carol  Anderson,F,Divorced,5,0,50825,Production Technician I,MA,2169,9/8/1989,US Citizen,No,White,7/11/2011,9/6/2016,return to school,Voluntarily Terminated,Production       ,Webster Butler,39,Google Search,Fully Meets,5,4,0,2/1/2016,0,2
10002, Linda   Anderson,F,Single,5,0,57568,Production Technician I,MA,1844,5/22/1977,US Citizen,No,White,1/9/2012,,N/A-StillEmployed,Active,Production       ,Amy Dunn,11,LinkedIn,Exceeds,5,5,0,1/7/2019,0,15
10194, Colby Andreola,F,Single,4,0,95660,Software Engineer,MA,2110,5/24/1979,US Citizen,No,White,11/10/2014,,N/A-StillEmployed,Active,Software Engineering,Alex Sweetwater,10,LinkedIn,Fully Meets,3.04,3,4,1/2/2019,0,19
10062, Sam Athwal,M ,Widowed,5,0,59365,Production Technician I,MA,2199,2/18/1983,US Citizen,No,White,9/30/2013,,N/A-StillEmployed,Active,Production       ,Ketsia Liebig,19,Employee Referral,Fully Meets,5,4,0,2/25/2019,0,19
10114, Linda Bachiochi,F,Single,5,1,47837,Production Technician I,MA,1902,2/11/1970,US Citizen,No,Black or African American,7/6/2009,,N/A-StillEmployed,Active,Production       ,Brannon Miller,12,Diversity Job Fair,Fully Meets,4.46,3,0,1/25/2019,0,4
10250, Alejandro  Bacong,M ,Divorced,3,0,50178,IT Support,MA,1886,1/7/1988,US Citizen,No,White,1/5/2015,,N/A-StillEmployed,Active,IT/IS,Peter Monroe,7,Indeed,Fully Meets,5,5,6,2/18/2019,0,16
10252, Rachael   Baczenski,F,Married,5,1,54670,Production Technician I,MA,1902,1/12/1974,US Citizen,Yes,Black or African American,1/10/2011,1/12/2017,Another position,Voluntarily Terminated,Production       ,David Stanley,14,Diversity Job Fair,Fully Meets,4.2,4,0,1/30/2016,0,12
10242, Thomas Barbara,M ,Married,5,1,47211,Production Technician I,MA,2062,2/21/1974,US Citizen,Yes,Black or African American,4/2/2012,9/19/2016,unhappy,Voluntarily Terminated,Production       ,Kissy Sullivan,20,Diversity Job Fair,Fully Meets,4.2,3,0,5/6/2016,0,15
10012, Hector Barbossa,M ,Divorced,3,1,92328,Data Analyst,TX,78230,7/4/1988,US Citizen,No,Black or African American,11/10/2014,,N/A-StillEmployed,Active,IT/IS,Simon Roup,4,Diversity Job Fair,Exceeds,4.28,4,5,2/25/2019,0,9
10265, Francesco  A Barone,M ,Single,5,0,58709,Production Technician I,MA,1810,7/20/1983,US Citizen,No,Two or more races,2/20/2012,,N/A-StillEmployed,Active,Production       ,Kelley Spirea,18,Google Search,Fully Meets,4.6,4,0,2/14/2019,0,7
10066, Nader Barton,M ,Divorced,5,0,52505,Production Technician I,MA,2747,7/15/1977,US Citizen,No,White,9/24/2012,4/6/2017,Another position,Voluntarily Terminated,Production       ,Michael Albert,22,On-line Web application,Fully Meets,5,5,0,3/2/2017,0,1
10061, Norman Bates,M ,Single,5,0,57834,Production Technician I,MA,2050,10/18/1981,US Citizen,No,White,2/21/2011,8/4/2017,attendance,Terminated for Cause,Production       ,Kelley Spirea,18,Google Search,Fully Meets,5,4,0,4/5/2017,0,20
10023, Kimberly   Beak,F,Married,5,0,70131,Production Technician II,MA,2145,4/17/1966,US Citizen,No,White,7/21/2016,,N/A-StillEmployed,Active,Production       ,Kelley Spirea,18,Employee Referral,Exceeds,4.4,3,0,1/14/2019,0,16
10055, Courtney  Beatrice,F,Single,5,0,59026,Production Technician I,MA,1915,10/27/1970,Eligible NonCitizen,No,White,4/4/2011,,N/A-StillEmployed,Active,Production       ,Elijiah Gray,16,Google Search,Fully Meets,5,5,0,1/14/2019,0,12
10245, Renee Becker,F,Single,3,0,110000,Database Administrator,MA,2026,4/4/1986,US Citizen,Yes,White,7/7/2014,9/12/2015,performance,Terminated for Cause,IT/IS,Simon Roup,4,Google Search,Fully Meets,4.5,4,5,1/15/2015,0,8
10277, Scott Becker,M ,Single,5,0,53250,Production Technician I,MA,2452,4/6/1979,US Citizen,No,Asian,7/8/2013,,N/A-StillEmployed,Active,Production       ,Webster Butler,39,LinkedIn,Fully Meets,4.2,4,0,1/11/2019,0,13
10046, Sean Bernstein,M ,Single,5,0,51044,Production Technician I,MA,2072,12/22/1970,US Citizen,Yes,White,4/2/2012,,N/A-StillEmployed,Active,Production       ,Amy Dunn,11,Google Search,Fully Meets,5,3,0,1/14/2019,0,13
10226, Lowan  M Biden,F,Divorced,5,0,64919,Production Technician I,MA,2027,12/27/1958,US Citizen,No,Asian,8/19/2013,,N/A-StillEmployed,Active,Production       ,Ketsia Liebig,19,Indeed,Fully Meets,4.2,3,0,1/10/2019,0,2
10003, Helen Billis,F,Married,5,0,62910,Production Technician I,MA,2031,9/1/1989,US Citizen,No,White,7/7/2014,,N/A-StillEmployed,Active,Production       ,Brannon Miller,12,Indeed,Exceeds,5,3,0,2/27/2019,0,19
10294, Dianna Blount,F,Single,5,0,66441,Production Technician II,MA,2171,9/21/1990,US Citizen,No,White,4/4/2011,,N/A-StillEmployed,Active,Production       ,Michael Albert,22,CareerBuilder,Needs Improvement,2,3,0,2/27/2019,2,3
10267, Betsy Bondwell,F,Single,5,0,57815,Production Technician II,MA,2210,1/16/1967,US Citizen,No,White,1/10/2011,4/4/2014,career change,Voluntarily Terminated,Production       ,Elijiah Gray,16,Google Search,Fully Meets,4.8,5,0,3/4/2014,0,5
10199, Frank Booth,M ,Single,3,0,103613,Enterprise Architect,CT,6033,7/30/1964,US Citizen,No,Black or African American,2/17/2014,2/19/2016,Learned that he is a gangster,Terminated for Cause,IT/IS,Simon Roup,4,LinkedIn,Fully Meets,3.5,5,7,1/10/2016,0,2
10081, Bonalyn Boutwell,F,Married,1,1,106367,Sr. Accountant,MA,2468,4/4/1987,US Citizen,No,Black or African American,2/16/2015,,N/A-StillEmployed,Active,Admin Offices,Brandon R. LeBlanc,3,Diversity Job Fair,Fully Meets,5,4,3,2/18/2019,0,4
10175, Charles Bozzi,M ,Single,5,0,74312,Production Manager,MA,1901,3/10/1970,US Citizen,No,Asian,9/30/2013,8/7/2014,retiring,Voluntarily Terminated,Production       ,Janet King,2,Indeed,Fully Meets,3.39,3,0,2/20/2014,0,14
10177, Donna Brill,F,Married,5,0,53492,Production Technician I,MA,1701,8/24/1990,US Citizen,No,White,4/2/2012,6/15/2013,Another position,Voluntarily Terminated,Production       ,David Stanley,14,Google Search,Fully Meets,3.35,4,0,3/4/2013,0,6
10238, Mia Brown,F,Married,1,1,63000,Accountant I,MA,1450,11/24/1987,US Citizen,No,Black or African American,10/27/2008,,N/A-StillEmployed,Active,Admin Offices,Brandon R. LeBlanc,1,Diversity Job Fair,Fully Meets,4.5,2,6,1/15/2019,0,14
10184, Joseph   Buccheri,M ,Single,5,0,65288,Production Technician II,MA,1013,7/28/1983,US Citizen,No,White,9/29/2014,,N/A-StillEmployed,Active,Production       ,Webster Butler,39,Google Search,Fully Meets,3.19,3,0,2/1/2019,0,9
10203, Josephine  Bugali,F,Separated,5,1,64375,Production Technician I,MA,2043,10/30/1969,US Citizen,No,Black or African American,11/11/2013,,N/A-StillEmployed,Active,Production       ,Kissy Sullivan,20,Diversity Job Fair,Fully Meets,3.5,5,0,1/21/2019,0,17
10188, Jessica Bunbury,F,Married,6,0,74326,Area Sales Manager,VA,21851,6/1/1964,Eligible NonCitizen,No,Black or African American,8/15/2011,8/2/2014,Another position,Voluntarily Terminated,Sales,John Smith,17,Google Search,Fully Meets,3.14,5,0,2/10/2013,1,19
10107, Joelle Burke,F,Single,5,0,63763,Production Technician II,MA,2148,3/2/1980,US Citizen,No,Black or African American,3/5/2012,,N/A-StillEmployed,Active,Production       ,Amy Dunn,11,Employee Referral,Fully Meets,4.51,4,0,2/21/2019,0,3
10181, Benjamin  Burkett,M ,Married,5,0,62162,Production Technician II,MA,1890,8/19/1977,US Citizen,No,White,4/4/2011,,N/A-StillEmployed,Active,Production       ,Ketsia Liebig,19,Indeed,Fully Meets,3.25,5,0,1/14/2019,0,15
10150, Max  Cady,M ,Single,4,0,77692,Software Engineering Manager,MA,2184,11/22/1966,US Citizen,No,White,8/15/2011,,N/A-StillEmployed,Active,Software Engineering,Jennifer Zamora,5,Google Search,Fully Meets,3.84,3,5,1/21/2019,0,4
10001, Calvin Candie,M ,Single,5,0,72640,Production Manager,MA,2169,8/9/1983,US Citizen,No,White,1/28/2016,,N/A-StillEmployed,Active,Production       ,Janet King,2,Indeed,Exceeds,5,3,0,2/22/2019,0,14
10085, Judith Carabbio,F,Single,4,0,93396,Software Engineer,MA,2132,4/5/1987,US Citizen,No,White,11/11/2013,,N/A-StillEmployed,Active,Software Engineering,Alex Sweetwater,10,Indeed,Fully Meets,4.96,4,6,1/30/2019,0,3
10115, Michael   Carey,M ,Single,5,0,52846,Production Technician I,MA,1701,2/2/1983,US Citizen,No,Black or African American,3/31/2014,,N/A-StillEmployed,Active,Production       ,Kelley Spirea,18,LinkedIn,Fully Meets,4.43,3,0,2/1/2019,0,14
10082, Claudia  N Carr,F,Single,3,0,100031,Sr. DBA,MA,1886,6/6/1986,US Citizen,No,Black or African American,6/30/2016,,N/A-StillEmployed,Active,IT/IS,Simon Roup,4,LinkedIn,Fully Meets,5,5,6,2/18/2019,0,7
10040, Michelle  Carter,F,Single,6,0,71860,Area Sales Manager,VT,5664,5/15/1963,US Citizen,No,White,8/18/2014,,N/A-StillEmployed,Active,Sales,John Smith,17,Indeed,Fully Meets,5,5,0,1/21/2019,0,7
10067, Beatrice  Chace,F,Single,5,0,61656,Production Technician I,MA,2763,1/2/1951,US Citizen,No,White,9/29/2014,,N/A-StillEmployed,Active,Production       ,Michael Albert,22,Google Search,Fully Meets,5,4,0,2/12/2019,0,11
10108, Brian Champaigne,M ,Married,3,0,110929,BI Director,MA,2045,2/9/1972,US Citizen,No,White,9/6/2016,,N/A-StillEmployed,Active,IT/IS,Jennifer Zamora,5,Indeed,Fully Meets,4.5,5,7,1/15/2019,0,8
10210, Lin Chan,F,Single,5,0,54237,Production Technician I,MA,2170,2/12/1979,US Citizen,No,White,5/12/2014,,N/A-StillEmployed,Active,Production       ,Elijiah Gray,16,Indeed,Fully Meets,3.3,4,0,2/19/2019,0,11
10154, Donovan  E Chang,M ,Single,5,0,60380,Production Technician I,MA,1845,8/24/1983,US Citizen,No,White,7/8/2013,,N/A-StillEmployed,Active,Production       ,Webster Butler,39,LinkedIn,Fully Meets,3.8,5,0,1/14/2019,0,4
10200, Anton Chigurh,M ,Single,6,0,66808,Area Sales Manager,TX,78207,6/11/1970,Eligible NonCitizen,No,Black or African American,5/14/2012,,N/A-StillEmployed,Active,Sales,Lynn Daneault,21,Employee Referral,Fully Meets,3,5,0,1/19/2019,0,17
10240, Enola Chivukula,F,Single,5,0,64786,Production Technician I,MA,1775,8/27/1983,US Citizen,No,White,6/27/2011,11/15/2015,relocation out of area,Voluntarily Terminated,Production       ,Amy Dunn,11,Indeed,Fully Meets,4.3,4,0,3/10/2015,0,3
10168, Caroline   Cierpiszewski,F,Single,5,0,64816,Production Technician I,MA,2044,5/31/1988,Non-Citizen,No,Black or African American,10/3/2011,,N/A-StillEmployed,Active,Production       ,Ketsia Liebig,19,Indeed,Fully Meets,3.58,5,0,1/30/2019,0,3
10220, Rick Clayton,M ,Single,3,0,68678,IT Support,MA,2170,9/5/1985,US Citizen,No,White,9/5/2012,,N/A-StillEmployed,Active,IT/IS,Eric Dougall,6,Indeed,Fully Meets,4.7,3,6,2/27/2019,0,2
10275, Jennifer Cloninger,F,Married,5,0,64066,Production Technician II,MA,1752,8/31/1981,US Citizen,No,White,5/16/2011,1/7/2013,unhappy,Voluntarily Terminated,Production       ,Brannon Miller,12,Google Search,Fully Meets,4.2,5,0,5/3/2012,0,9
10269, Phil Close,M ,Married,5,0,59369,Production Technician II,MA,2169,11/25/1978,US Citizen,No,White,8/30/2010,9/26/2011,career change,Voluntarily Terminated,Production       ,David Stanley,14,Indeed,Fully Meets,4.2,4,0,5/4/2011,0,6
10029, Elijian Clukey,M ,Married,5,0,50373,Production Technician I,MA,2134,8/26/1980,US Citizen,No,White,7/6/2016,,N/A-StillEmployed,Active,Production       ,Brannon Miller,12,Employee Referral,Exceeds,4.1,4,0,2/28/2019,0,5
10261, James Cockel,M ,Single,5,0,63108,Production Technician I,MA,2452,9/8/1977,US Citizen,No,White,7/8/2013,,N/A-StillEmployed,Active,Production       ,David Stanley,14,Employee Referral,Fully Meets,4.4,5,0,1/14/2019,0,3
10292, Spencer Cole,M ,Single,5,0,59144,Production Technician I,MA,1880,8/12/1979,US Citizen,No,Black or African American,7/11/2011,9/23/2016,performance,Terminated for Cause,Production       ,Kissy Sullivan,20,LinkedIn,Needs Improvement,2,3,0,5/1/2016,5,16
10282, Michael Corleone,M ,Divorced,5,0,68051,Production Manager,MA,1803,12/17/1975,US Citizen,No,White,7/20/2010,,N/A-StillEmployed,Active,Production       ,Janet King,2,CareerBuilder,Needs Improvement,4.13,2,0,1/14/2019,3,3
10019, Vito Corleone,M ,Single,5,0,170500,Director of Operations,MA,2030,3/19/1983,US Citizen,No,Black or African American,1/5/2009,,N/A-StillEmployed,Active,Production       ,Janet King,2,Indeed,Exceeds,3.7,5,0,2/4/2019,0,15
10094, Lisa  Cornett,F,Married,5,0,63381,Production Technician I,MA,2189,3/31/1977,US Citizen,Yes,White,1/5/2015,,N/A-StillEmployed,Active,Production       ,Kelley Spirea,18,Indeed,Fully Meets,4.73,5,0,2/14/2019,0,6
10193, Frank Costello,M ,Married,3,0,83552,Data Analyst,MA,1810,8/26/1986,US Citizen,No,White,3/30/2015,,N/A-StillEmployed,Active,IT/IS,Simon Roup,4,Indeed,Fully Meets,3.04,3,6,1/22/2019,0,2
10132,   Jean Crimmings,F,Single,5,0,56149,Production Technician I,MA,1821,4/10/1987,US Citizen,No,White,7/6/2016,,N/A-StillEmployed,Active,Production       ,Michael Albert,22,LinkedIn,Fully Meets,4.12,5,0,1/28/2019,0,15
10083, Noah Cross,M ,Single,3,0,92329,Sr. Network Engineer,CT,6278,9/9/1965,US Citizen,No,White,11/10/2014,,N/A-StillEmployed,Active,IT/IS,Peter Monroe,7,Employee Referral,Fully Meets,5,3,4,1/2/2019,0,5
10099, Lynn Daneault,F,Single,6,0,65729,Sales Manager,VT,5473,4/19/1990,US Citizen,No,White,5/5/2014,,N/A-StillEmployed,Active,Sales,Debra Houlihan,15,Indeed,Fully Meets,4.62,4,0,1/24/2019,0,8
10212, Ann   Daniele,F,Married,3,0,85028,Sr. Network Engineer,CT,6033,1/18/1952,US Citizen,No,White,11/10/2014,,N/A-StillEmployed,Active,IT/IS,Peter Monroe,7,LinkedIn,Fully Meets,3.1,5,8,2/12/2019,0,19
10056, Jene'ya  Darson,F,Married,5,0,57583,Production Technician I,MA,2110,11/5/1978,US Citizen,No,White,7/2/2012,,N/A-StillEmployed,Active,Production       ,Elijiah Gray,16,Indeed,Fully Meets,5,3,0,2/25/2019,0,1
10143, Daniel Davis,M ,Single,5,0,56294,Production Technician II,MA,2458,9/14/1979,Eligible NonCitizen,No,Two or more races,11/7/2011,,N/A-StillEmployed,Active,Production       ,Kissy Sullivan,20,LinkedIn,Fully Meets,3.96,4,0,2/27/2019,0,6
10311, Randy Dee,M ,Married,6,0,56991,Production Technician I,MA,2138,4/15/1988,US Citizen,No,White,7/9/2018,,N/A-StillEmployed,Active,Production       ,Brannon Miller,12,Indeed,Fully Meets,4.3,4,3,1/31/2019,2,2
10070,  James DeGweck,M ,Married,5,0,55722,Production Technician I,MA,1810,10/31/1977,US Citizen,No,White,5/16/2011,6/8/2016,unhappy,Voluntarily Terminated,Production       ,Webster Butler,39,Indeed,Fully Meets,5,4,0,4/2/2016,0,14
10155, Keyla Del Bosque,F,Single,4,0,101199,Software Engineer,MA,2176,7/5/1979,US Citizen,No,Black or African American,1/9/2012,,N/A-StillEmployed,Active,Software Engineering,Alex Sweetwater,10,CareerBuilder,Fully Meets,3.79,5,5,1/25/2019,0,8
10306, Alex Delarge,M ,Single,6,0,61568,Area Sales Manager,AL,36006,11/2/1975,US Citizen,No,Two or more races,9/29/2014,,N/A-StillEmployed,Active,Sales,John Smith,17,Indeed,PIP,1.93,3,0,1/30/2019,6,5
10100, Carla Demita,F,Separated,5,0,58275,Production Technician II,MA,2343,2/25/1951,US Citizen,No,Black or African American,4/4/2011,11/4/2015,more money,Voluntarily Terminated,Production       ,Kelley Spirea,18,Google Search,Fully Meets,4.62,5,0,5/6/2015,0,1
10310, Carl  Desimone,M ,Married,5,0,53189,Production Technician I,MA,2061,4/19/1967,US Citizen,No,White,7/7/2014,,N/A-StillEmployed,Active,Production       ,Amy Dunn,11,Indeed,PIP,1.12,2,0,1/31/2019,4,9
10197, Tommy DeVito,M ,Single,3,0,96820,BI Developer,MA,2045,9/4/1983,US Citizen,No,White,2/15/2017,,N/A-StillEmployed,Active,IT/IS,Brian Champaigne,13,Indeed,Fully Meets,3.01,5,7,1/23/2019,0,15
10276, Geoff  Dickinson,M ,Single,5,0,51259,Production Technician I,MA,2180,11/15/1982,US Citizen,No,White,5/12/2014,,N/A-StillEmployed,Active,Production       ,Ketsia Liebig,19,Indeed,Fully Meets,4.3,4,0,2/19/2019,0,1
10304, Jenna   Dietrich,F,Single,6,0,59231,Area Sales Manager,WA,98052,5/14/1987,US Citizen,Yes,White,2/20/2012,,N/A-StillEmployed,Active,Sales,John Smith,17,Website,PIP,2.3,1,0,1/29/2019,2,17
10284, Lily  DiNocco,F,Married,5,0,61584,Production Technician I,MA,2351,12/2/1978,US Citizen,No,Black or African American,1/7/2013,,N/A-StillEmployed,Active,Production       ,Brannon Miller,12,Indeed,Needs Improvement,3.88,4,0,1/18/2019,0,6
10207, Denisa  S Dobrin,F,Single,5,0,46335,Production Technician I,MA,2125,10/7/1986,US Citizen,Yes,White,4/2/2012,,N/A-StillEmployed,Active,Production       ,David Stanley,14,CareerBuilder,Fully Meets,3.4,5,0,2/19/2019,0,15
10133, Linda Dolan,F,Married,3,0,70621,IT Support,MA,2119,7/18/1988,US Citizen,No,White,1/5/2015,,N/A-StillEmployed,Active,IT/IS,Peter Monroe,7,Employee Referral,Fully Meets,4.11,4,6,2/25/2019,0,16
10028, Eric Dougall,M ,Single,3,0,138888,IT Manager - Support,MA,1886,7/9/1970,US Citizen,No,Black or African American,1/5/2014,,N/A-StillEmployed,Active,IT/IS,Jennifer Zamora,5,Indeed,Exceeds,4.3,5,5,1/4/2019,0,4
10006, Elle Driver,F,Single,6,0,74241,Area Sales Manager,CA,90007,11/8/1988,US Citizen,No,White,1/10/2011,,N/A-StillEmployed,Active,Sales,Lynn Daneault,21,Indeed,Exceeds,4.77,5,0,1/27/2019,0,14
10105, Amy   Dunn,F,Single,5,0,75188,Production Manager,MA,1731,11/28/1973,US Citizen,No,White,9/18/2014,,N/A-StillEmployed,Active,Production       ,Janet King,2,Google Search,Fully Meets,4.52,4,0,1/15/2019,0,4
10211, Amy Dunne,F,Married,5,0,62514,Production Technician I,MA,1749,9/23/1973,US Citizen,No,White,4/26/2010,,N/A-StillEmployed,Active,Production       ,Ketsia Liebig,19,Google Search,Fully Meets,2.9,3,0,1/21/2019,0,6
10064, Marianne Eaton,F,Married,5,0,60070,Production Technician I,MA,2343,9/5/1991,US Citizen,No,White,4/4/2011,6/6/2017,military,Voluntarily Terminated,Production       ,Kissy Sullivan,20,Google Search,Fully Meets,5,3,0,4/9/2017,0,7
10247, Jean Engdahl,M ,Single,5,0,48888,Production Technician I,MA,2026,5/31/1974,US Citizen,No,White,11/10/2014,,N/A-StillEmployed,Active,Production       ,Kelley Spirea,18,LinkedIn,Fully Meets,4.7,5,0,2/13/2019,0,8
10235, Rex England,M ,Married,5,0,54285,Production Technician I,MA,2045,8/25/1978,US Citizen,No,White,3/31/2014,,N/A-StillEmployed,Active,Production       ,Kelley Spirea,18,Employee Referral,Fully Meets,4.2,3,0,1/11/2019,0,3
10299, Angela Erilus,F,Separated,5,0,56847,Production Technician II,MA,2133,8/25/1989,US Citizen,No,White,7/7/2014,,N/A-StillEmployed,Active,Production       ,Michael Albert,22,Indeed,PIP,3,1,0,2/25/2019,2,5
10280, Miguel Estremera,M ,Single,5,0,60340,Production Technician I,MA,2129,9/2/1983,US Citizen,No,White,4/2/2012,9/27/2018,attendance,Terminated for Cause,Production       ,Michael Albert,22,Google Search,Needs Improvement,5,4,0,4/12/2018,5,16
10296, April Evensen,F,Single,5,0,59124,Production Technician I,MA,2458,5/6/1989,US Citizen,No,White,2/17/2014,2/25/2018,"no-call, no-show",Terminated for Cause,Production       ,Elijiah Gray,16,Google Search,Needs Improvement,2.3,3,0,1/15/2017,5,19
10290, Susan Exantus,F,Married,4,0,99280,Software Engineer,MA,1749,5/15/1987,US Citizen,No,Black or African American,5/2/2011,6/5/2013,attendance,Terminated for Cause,Software Engineering,Alex Sweetwater,10,Indeed,Needs Improvement,2.1,5,4,8/10/2012,4,19
10263, Megan  Faller,F,Married,5,0,71776,Production Technician II,MA,1824,9/22/1978,US Citizen,No,Black or African American,7/7/2014,,N/A-StillEmployed,Active,Production       ,Elijiah Gray,16,LinkedIn,Fully Meets,4.4,5,0,2/22/2019,0,17
10136, Nicole Fancett,F,Single,5,0,65902,Production Technician II,MA,2324,9/27/1987,US Citizen,No,Black or African American,2/17/2014,,N/A-StillEmployed,Active,Production       ,Webster Butler,39,LinkedIn,Fully Meets,4,4,0,1/7/2019,0,7
10189, Susan Ferguson,F,Married,5,0,57748,Production Technician I,MA,2176,4/14/1955,US Citizen,No,White,11/7/2011,5/17/2016,military,Voluntarily Terminated,Production       ,Webster Butler,39,Google Search,Fully Meets,3.13,3,0,2/4/2016,0,16
10308, Nilson   Fernandes,M ,Married,5,0,64057,Production Technician I,MA,2132,10/18/1989,US Citizen,No,White,5/11/2015,,N/A-StillEmployed,Active,Production       ,Amy Dunn,11,Indeed,PIP,1.56,5,0,1/3/2019,6,15
10309, Boba Fett,M ,Single,3,0,53366,Network Engineer,MA,2138,6/18/1987,US Citizen,No,White,3/30/2015,,N/A-StillEmployed,Active,IT/IS,Peter Monroe,7,LinkedIn,PIP,1.2,3,6,2/4/2019,3,2
10049,  Libby Fidelia,F,Married,5,0,58530,Production Technician I,MA,2155,3/16/1981,US Citizen,No,White,1/9/2012,,N/A-StillEmployed,Active,Production       ,Brannon Miller,12,Google Search,Fully Meets,5,5,0,1/29/2019,0,19
10093, Michael  J Fitzpatrick,M ,Single,5,0,72609,Production Technician II,MA,2143,10/1/1981,US Citizen,Yes,White,5/16/2011,6/24/2013,hours,Voluntarily Terminated,Production       ,Amy Dunn,11,Google Search,Fully Meets,4.76,5,0,4/5/2013,0,20
10163, Tanya Foreman,F,Married,5,0,55965,Production Technician II,MA,2170,11/8/1983,US Citizen,No,White,4/4/2011,1/9/2013,career change,Voluntarily Terminated,Production       ,Ketsia Liebig,19,Google Search,Fully Meets,3.66,3,0,1/7/2012,0,6
10305, Alex Forrest,M ,Married,6,0,70187,Area Sales Manager,MA,2330,7/7/1975,US Citizen,No,White,9/29/2014,8/19/2018,Fatal attraction,Terminated for Cause,Sales,Lynn Daneault,21,Employee Referral,PIP,2,5,0,1/28/2019,4,7
10015, Jason Foss,M ,Single,3,0,178000,IT Director,MA,1460,7/5/1980,US Citizen,No,Black or African American,4/15/2011,,N/A-StillEmployed,Active,IT/IS,Jennifer Zamora,5,Indeed,Exceeds,5,5,5,1/7/2019,0,15
10080, Amy Foster-Baker,F,Married,1,0,99351,Sr. Accountant,MA,2050,4/16/1979,US Citizen,no,White,1/5/2009,,N/A-StillEmployed,Active,Admin Offices,Board of Directors,9,Other,Fully Meets,5,3,2,2/8/2019,0,3
10258, Maruk  Fraval,M ,Single,6,0,67251,Area Sales Manager,CT,6050,8/28/1963,US Citizen,No,Black or African American,9/6/2011,,N/A-StillEmployed,Active,Sales,Lynn Daneault,21,CareerBuilder,Fully Meets,4.3,3,0,1/27/2019,2,7
10273, Lisa Galia,F,Single,3,0,65707,IT Support,CT,6040,7/6/1968,US Citizen,No,White,5/1/2010,,N/A-StillEmployed,Active,IT/IS,Eric Dougall,6,LinkedIn,Fully Meets,4.7,4,5,2/1/2019,0,1
10111, Raul Garcia,M ,Single,5,0,52249,Production Technician I,MA,1905,9/15/1985,US Citizen,Yes,White,3/30/2015,,N/A-StillEmployed,Active,Production       ,David Stanley,14,Employee Referral,Fully Meets,4.5,3,0,2/18/2019,0,5
10257, Barbara Gaul,F,Single,5,0,53171,Production Technician I,MA,2121,12/2/1983,US Citizen,Yes,Black or African American,5/16/2011,,N/A-StillEmployed,Active,Production       ,Kelley Spirea,18,LinkedIn,Fully Meets,4.2,4,0,2/26/2019,0,12
10159, Mildred Gentry,F,Married,5,0,51337,Production Technician I,MA,2145,10/1/1990,US Citizen,No,Black or African American,3/30/2015,,N/A-StillEmployed,Active,Production       ,Michael Albert,22,LinkedIn,Fully Meets,3.73,3,0,1/16/2019,0,19
10122, Melisa Gerke,F,Divorced,5,1,51505,Production Technician I,MA,2330,5/15/1970,US Citizen,No,Black or African American,11/7/2011,11/15/2016,hours,Voluntarily Terminated,Production       ,Elijiah Gray,16,Diversity Job Fair,Fully Meets,4.24,4,0,4/29/2016,0,2
10142, Whitney   Gill,F,Widowed,6,0,59370,Area Sales Manager,OH,43050,7/10/1971,US Citizen,No,Black or African American,7/7/2014,9/5/2015,attendance,Terminated for Cause,Sales,John Smith,17,CareerBuilder,Fully Meets,3.97,4,0,1/15/2014,0,7
10283, Alex Gilles,M ,Married,5,1,54933,Production Technician I,MA,2062,8/9/1974,US Citizen,No,Black or African American,4/2/2012,6/25/2015,military,Voluntarily Terminated,Production       ,Webster Butler,39,Diversity Job Fair,Needs Improvement,3.97,4,0,1/20/2015,3,15
10018, Evelyn Girifalco,F,Single,5,0,57815,Production Technician I,MA,2451,5/8/1980,US Citizen,Yes,Two or more races,9/29/2014,,N/A-StillEmployed,Active,Production       ,Amy Dunn,11,Indeed,Exceeds,3.9,4,0,2/7/2019,0,3
10255, Myriam Givens,F,Single,6,0,61555,Area Sales Manager,IN,46204,9/22/1989,US Citizen,No,White,2/16/2015,,N/A-StillEmployed,Active,Sales,Lynn Daneault,21,Indeed,Fully Meets,4.5,5,0,1/25/2019,0,20
10246, Taisha Goble,F,Single,3,0,114800,Database Administrator,MA,2127,10/23/1971,US Citizen,No,White,2/16/2015,3/15/2015,"no-call, no-show",Terminated for Cause,IT/IS,Simon Roup,4,Indeed,Fully Meets,4.6,4,4,1/20/2015,0,10
10228, Amon Goeth,M ,Married,3,0,74679,IT Support,MA,2135,11/24/1989,US Citizen,Yes,White,3/30/2015,,N/A-StillEmployed,Active,IT/IS,Peter Monroe,7,LinkedIn,Fully Meets,4.3,5,7,1/10/2019,0,20
10243, Shenice   Gold,F,Single,5,0,53018,Production Technician I,MA,2451,6/18/1992,US Citizen,Yes,White,11/11/2013,,N/A-StillEmployed,Active,Production       ,Ketsia Liebig,19,Indeed,Fully Meets,4.3,5,0,2/18/2019,0,7
10031, Cayo Gonzalez,M ,Divorced,5,1,59892,Production Technician I,MA,2108,9/29/1969,US Citizen,No,Black or African American,7/11/2011,,N/A-StillEmployed,Active,Production       ,Brannon Miller,12,Diversity Job Fair,Exceeds,4.5,4,0,2/18/2019,0,1
10300, Juan Gonzalez,M ,Married,5,1,68898,Production Technician II,MA,2128,10/12/1964,US Citizen,No,Black or African American,4/26/2010,5/30/2011,career change,Voluntarily Terminated,Production       ,Brannon Miller,12,Diversity Job Fair,PIP,3,3,0,3/6/2011,3,10
10101, Maria Gonzalez,F,Separated,3,0,61242,IT Support,MA,2472,4/16/1981,US Citizen,Yes,White,1/5/2015,,N/A-StillEmployed,Active,IT/IS,Peter Monroe,7,Employee Referral,Fully Meets,4.61,4,5,1/28/2019,0,11
10237, Susan Good,F,Married,5,0,66825,Production Technician II,MA,1886,5/25/1986,US Citizen,No,White,5/12/2014,,N/A-StillEmployed,Active,Production       ,David Stanley,14,LinkedIn,Fully Meets,4.6,3,0,2/7/2019,0,20
10051, David Gordon,M ,Married,5,0,48285,Production Technician I,MA,2169,5/21/1979,US Citizen,No,White,7/2/2012,,N/A-StillEmployed,Active,Production       ,David Stanley,14,LinkedIn,Fully Meets,5,3,0,1/14/2019,0,2
10218, Phylicia   Gosciminski,F,Separated,5,0,66149,Production Technician II,MA,1824,12/8/1983,US Citizen,No,American Indian or Alaska Native,9/30/2013,,N/A-StillEmployed,Active,Production       ,Kissy Sullivan,20,Google Search,Fully Meets,4.4,5,0,2/21/2019,0,1
10256, Roxana Goyal,F,Married,5,0,49256,Production Technician I,MA,1864,10/9/1974,US Citizen,No,Asian,8/19/2013,,N/A-StillEmployed,Active,Production       ,Kissy Sullivan,20,LinkedIn,Fully Meets,4.1,5,0,2/15/2019,0,3
10098, Elijiah   Gray,M ,Divorced,5,0,62957,Production Manager,MA,1752,7/11/1981,US Citizen,No,White,6/2/2015,,N/A-StillEmployed,Active,Production       ,Janet King,2,Employee Referral,Fully Meets,4.63,3,0,1/4/2019,0,2
10059, Paula Gross,F,Divorced,5,0,63813,Production Technician I,MA,2176,5/21/1983,US Citizen,No,White,2/21/2011,1/11/2014,more money,Voluntarily Terminated,Production       ,Kelley Spirea,18,CareerBuilder,Fully Meets,5,5,0,6/3/2013,0,17
10234, Hans Gruber,M ,Married,3,0,99020,BI Developer,MA,2134,6/30/1989,US Citizen,No,Black or African American,4/20/2017,,N/A-StillEmployed,Active,IT/IS,Brian Champaigne,13,Indeed,Fully Meets,4.2,5,5,1/28/2019,0,8
10109, Mike Guilianno,M ,Single,6,0,71707,Area Sales Manager,TN,37129,2/9/1969,US Citizen,No,Two or more races,3/7/2012,10/31/2014,relocation out of area,Voluntarily Terminated,Sales,John Smith,17,LinkedIn,Fully Meets,4.5,5,0,2/1/2013,0,20
10125, Joanne Handschiegl,F,Married,5,0,54828,Production Technician I,MA,2127,3/23/1977,US Citizen,No,White,11/28/2011,,N/A-StillEmployed,Active,Production       ,Michael Albert,22,Google Search,Fully Meets,4.2,4,0,2/22/2019,0,13
10074, Earnest Hankard,M ,Single,5,0,64246,Production Technician II,MA,2155,8/10/1988,US Citizen,Yes,White,11/11/2013,,N/A-StillEmployed,Active,Production       ,Kelley Spirea,18,LinkedIn,Fully Meets,5,3,0,1/8/2019,0,20
10097, Christie  Harrington,F,Single,5,0,52177,Production Technician I,MA,2324,8/18/1952,US Citizen,No,White,1/9/2012,12/15/2015,retiring,Voluntarily Terminated,Production       ,Webster Butler,39,CareerBuilder,Fully Meets,4.64,4,0,5/2/2015,0,8
10007, Kara Harrison,F,Married,5,0,62065,Production Technician I,MA,1886,5/2/1974,US Citizen,No,White,5/12/2014,,N/A-StillEmployed,Active,Production       ,Amy Dunn,11,CareerBuilder,Exceeds,4.76,4,0,2/15/2019,0,5
10129, Anthony Heitzman,M ,Single,5,0,46998,Production Technician I,MA,2149,1/4/1984,US Citizen,No,White,8/13/2012,,N/A-StillEmployed,Active,Production       ,Ketsia Liebig,19,Google Search,Fully Meets,4.17,4,0,2/11/2019,0,1
10075, Trina Hendrickson,F,Single,5,0,68099,Production Technician II,MA,2021,8/27/1972,US Citizen,No,White,1/10/2011,6/18/2013,hours,Voluntarily Terminated,Production       ,Kelley Spirea,18,CareerBuilder,Fully Meets,5,3,0,1/30/2013,0,15
10167, Alfred Hitchcock,M ,Married,6,0,70545,Area Sales Manager,NH,3062,9/14/1988,US Citizen,No,American Indian or Alaska Native,8/18/2014,,N/A-StillEmployed,Active,Sales,John Smith,17,Indeed,Fully Meets,3.6,5,0,1/30/2019,0,9
10195, Adrienne  J Homberger,F,Married,5,0,63478,Production Technician II,MA,2445,2/16/1984,Non-Citizen,No,White,8/15/2011,4/7/2012,relocation out of area,Voluntarily Terminated,Production       ,Michael Albert,30,Indeed,Fully Meets,3.03,5,0,3/5/2012,0,16
10112, Jayne Horton,F,Single,3,0,97999,Database Administrator,MA,2493,2/21/1984,US Citizen,No,White,3/30/2015,,N/A-StillEmployed,Active,IT/IS,Simon Roup,4,Indeed,Fully Meets,4.48,5,6,1/3/2019,0,4
10272, Debra Houlihan,F,Married,6,0,180000,Director of Sales,RI,2908,3/17/1966,US Citizen,No,White,5/5/2014,,N/A-StillEmployed,Active,Sales,Janet King,2,LinkedIn,Fully Meets,4.5,4,0,1/21/2019,0,19
10182, Estelle Howard,F,Married,1,0,49920,Administrative Assistant,MA,2170,9/16/1985,US Citizen,No,Black or African American,2/16/2015,4/15/2015,"no-call, no-show",Terminated for Cause,Admin Offices,Brandon R. LeBlanc,1,Indeed,Fully Meets,3.24,3,4,4/15/2015,0,6
10248, Jane Hudson,F,Single,5,0,55425,Production Technician I,MA,2176,6/10/1986,US Citizen,No,White,2/20/2012,,N/A-StillEmployed,Active,Production       ,Ketsia Liebig,19,LinkedIn,Fully Meets,4.8,4,0,1/7/2019,0,4
10201, Julissa Hunts,F,Single,5,0,69340,Production Technician II,MA,2021,3/11/1984,US Citizen,No,White,6/6/2016,,N/A-StillEmployed,Active,Production       ,Elijiah Gray,16,LinkedIn,Fully Meets,3,5,0,1/18/2019,0,4
10214, Rosalie Hutter,F,Separated,5,0,64995,Production Technician II,MA,2351,5/7/1992,US Citizen,No,White,6/5/2015,,N/A-StillEmployed,Active,Production       ,Webster Butler,39,Indeed,Fully Meets,4.5,3,0,2/14/2019,0,6
10160, Ming Huynh,F,Divorced,5,0,68182,Production Technician II,MA,1742,9/22/1976,US Citizen,No,White,2/21/2011,4/1/2013,unhappy,Voluntarily Terminated,Production       ,Amy Dunn,11,Google Search,Fully Meets,3.72,3,0,2/1/2013,0,18
10289, Walter Immediato,M ,Married,5,0,83082,Production Manager,MA,2128,11/15/1976,US Citizen,No,Asian,2/21/2011,9/24/2012,unhappy,Voluntarily Terminated,Production       ,Janet King,2,Indeed,Needs Improvement,2.34,2,0,4/12/2012,3,4
10139, Rose  Ivey,F,Single,5,0,51908,Production Technician I,MA,1775,1/28/1991,US Citizen,No,White,8/19/2013,,N/A-StillEmployed,Active,Production       ,Brannon Miller,12,Indeed,Fully Meets,3.99,3,0,1/14/2019,0,14
10227, Maryellen Jackson,F,Single,5,0,61242,Production Technician I,MA,2081,9/11/1972,US Citizen,No,Black or African American,11/5/2012,,N/A-StillEmployed,Active,Production       ,David Stanley,14,LinkedIn,Fully Meets,4.1,3,0,1/17/2019,0,7
10236, Hannah   Jacobi,F,Divorced,5,0,45069,Production Technician I,MA,1778,3/22/1966,US Citizen,No,White,9/30/2013,,N/A-StillEmployed,Active,Production       ,Kissy Sullivan,20,Employee Referral,Fully Meets,4.3,5,0,2/22/2019,0,7
10009, Tayana Jeannite,F,Divorced,5,0,60724,Production Technician II,MA,1821,11/6/1986,US Citizen,No,American Indian or Alaska Native,7/5/2011,,N/A-StillEmployed,Active,Production       ,Ketsia Liebig,19,LinkedIn,Exceeds,4.6,4,0,2/25/2019,0,11
10060, Sneha   Jhaveri,F,Separated,5,0,60436,Production Technician I,MA,2109,4/13/1964,US Citizen,No,White,1/6/2014,,N/A-StillEmployed,Active,Production       ,Kelley Spirea,18,LinkedIn,Fully Meets,5,5,0,1/21/2019,0,9
10034, George Johnson,M ,Married,5,0,46837,Production Technician I,MA,2445,8/19/1959,US Citizen,No,White,11/7/2011,4/29/2018,more money,Voluntarily Terminated,Production       ,Michael Albert,22,CareerBuilder,Exceeds,4.7,4,0,2/14/2018,0,9
10156, Noelle  Johnson,F,Married,3,0,105700,Database Administrator,MA,2301,11/7/1986,US Citizen,No,Asian,1/5/2015,,N/A-StillEmployed,Active,IT/IS,Simon Roup,4,Indeed,Fully Meets,3.75,3,5,2/11/2019,0,2
10036, Yen Johnston,F,Single,5,0,63322,Production Technician II,MA,2128,9/8/1969,US Citizen,No,White,7/7/2014,,N/A-StillEmployed,Active,Production       ,Brannon Miller,12,LinkedIn,Exceeds,4.3,3,0,1/11/2019,0,1
10138, Judy   Jung,F,Married,5,0,61154,Production Technician I,MA,2446,4/17/1986,US Citizen,No,Black or African American,1/10/2011,4/1/2016,unhappy,Voluntarily Terminated,Production       ,Elijiah Gray,16,CareerBuilder,Fully Meets,4,4,0,2/3/2016,0,4
10244, Donysha Kampew,F,Single,6,0,68999,Sales Manager,PA,19444,11/11/1989,US Citizen,No,White,11/7/2011,4/24/2014,maternity leave - did not return,Voluntarily Terminated,Sales,Debra Houlihan,15,Google Search,Fully Meets,4.5,5,0,3/30/2013,0,2
10192, Kramer  Keatts,M ,Single,5,0,50482,Production Technician I,MA,1887,1/19/1976,US Citizen,No,White,9/30/2013,,N/A-StillEmployed,Active,Production       ,Michael Albert,22,Indeed,Fully Meets,3.07,4,0,1/23/2019,0,10
10231, Bartholemew Khemmich,M ,Single,6,0,65310,Area Sales Manager,CO,80820,11/27/1979,US Citizen,No,White,8/19/2013,,N/A-StillEmployed,Active,Sales,Lynn Daneault,21,Indeed,Fully Meets,4.3,5,0,1/22/2019,0,13
10089, Janet King,F,Married,2,0,250000,President & CEO,MA,1902,9/21/1954,US Citizen,Yes,White,7/2/2012,,N/A-StillEmployed,Active,Executive Office,Board of Directors,9,Indeed,Fully Meets,4.83,3,0,1/17/2019,0,10
10166, Kathleen   Kinsella,F,Married,5,0,54005,Production Technician I,MA,2170,12/8/1973,US Citizen,No,White,9/26/2011,6/4/2015,more money,Voluntarily Terminated,Production       ,Webster Butler,39,Google Search,Fully Meets,3.6,5,0,3/1/2015,0,16
10170, Alexandra   Kirill,F,Married,5,0,45433,Production Technician I,MA,2127,10/8/1970,US Citizen,No,White,9/26/2011,1/9/2014,more money,Voluntarily Terminated,Production       ,Amy Dunn,11,Google Search,Fully Meets,3.49,4,0,1/30/2013,0,6
10208, Bradley  J Knapp,M ,Single,5,0,46654,Production Technician I,MA,1721,11/10/1977,US Citizen,No,Black or African American,2/17/2014,,N/A-StillEmployed,Active,Production       ,Ketsia Liebig,19,LinkedIn,Fully Meets,3.1,3,0,2/6/2019,0,3
10176, John Kretschmer,M ,Married,5,0,63973,Production Technician I,MA,1801,2/2/1980,US Citizen,No,Asian,1/10/2011,,N/A-StillEmployed,Active,Production       ,Brannon Miller,12,Indeed,Fully Meets,3.38,3,0,1/21/2019,0,17
10165, Freddy Kreuger,M ,Single,6,1,71339,Area Sales Manager,NY,10171,2/24/1969,US Citizen,Yes,Black or African American,3/7/2011,,N/A-StillEmployed,Active,Sales,John Smith,17,Diversity Job Fair,Fully Meets,3.65,5,0,1/17/2019,0,20
10113,  Jyoti Lajiri,M ,Married,3,0,93206,Sr. Network Engineer,MA,2169,4/23/1986,US Citizen,No,White,11/10/2014,,N/A-StillEmployed,Active,IT/IS,Peter Monroe,7,Employee Referral,Fully Meets,4.46,5,6,1/7/2019,0,7
10092, Hans Landa,M ,Married,5,0,82758,Production Manager,MA,1890,7/1/1972,US Citizen,No,White,1/10/2011,12/12/2015,attendance,Terminated for Cause,Production       ,Janet King,2,Employee Referral,Fully Meets,4.78,4,0,2/15/2015,0,9
10106, Lindsey Langford,F,Divorced,5,0,66074,Production Technician II,MA,2090,7/25/1979,US Citizen,No,Asian,1/7/2013,3/31/2014,Another position,Voluntarily Terminated,Production       ,David Stanley,14,Indeed,Fully Meets,4.52,3,0,2/20/2014,0,20
10052, Enrico Langton,M ,Married,5,0,46120,Production Technician I,MA,2048,12/9/1986,US Citizen,No,White,7/9/2012,,N/A-StillEmployed,Active,Production       ,David Stanley,14,LinkedIn,Fully Meets,5,5,0,2/4/2019,0,13
10038, William   LaRotonda,M ,Divorced,1,0,64520,Accountant I,MA,1460,4/26/1984,US Citizen,No,Black or African American,1/6/2014,,N/A-StillEmployed,Active,Admin Offices,Brandon R. LeBlanc,1,Website,Fully Meets,5,4,4,1/17/2019,0,3
10249, Mohammed Latif,M ,Married,5,0,61962,Production Technician II,MA,2126,5/9/1984,US Citizen,No,White,4/2/2012,4/15/2013,more money,Voluntarily Terminated,Production       ,Kissy Sullivan,20,Google Search,Fully Meets,4.9,3,0,2/20/2013,0,20
10232, Binh Le,F,Single,3,0,81584,Senior BI Developer,MA,1886,6/14/1987,US Citizen,No,Asian,10/2/2016,,N/A-StillEmployed,Active,IT/IS,Brian Champaigne,13,Indeed,Fully Meets,4.1,5,7,1/8/2019,0,2
10087, Dallas Leach,F,Single,5,0,63676,Production Technician I,MA,1810,1/17/1979,US Citizen,No,Asian,9/26/2011,8/19/2018,return to school,Voluntarily Terminated,Production       ,Kissy Sullivan,20,CareerBuilder,Fully Meets,4.88,3,0,7/2/2017,0,17
10134, Brandon  R LeBlanc,M ,Married,1,0,93046,Shared Services Manager,MA,1460,6/10/1984,US Citizen,No,White,1/5/2016,,N/A-StillEmployed,Active,Admin Offices,Janet King,2,CareerBuilder,Fully Meets,4.1,4,0,1/28/2019,0,20
10251, Hannibal Lecter,M ,Married,5,0,64738,Production Technician I,MA,1776,9/2/1982,US Citizen,No,Asian,5/14/2012,,N/A-StillEmployed,Active,Production       ,Elijiah Gray,16,Google Search,Fully Meets,4.1,3,0,2/22/2019,0,10
10103, Giovanni Leruth,M ,Separated,6,0,70468,Area Sales Manager,UT,84111,12/27/1988,US Citizen,No,Black or African American,4/30/2012,,N/A-StillEmployed,Active,Sales,John Smith,17,Website,Fully Meets,4.53,3,0,1/29/2019,0,16
10017, Ketsia Liebig,F,Married,5,0,77915,Production Manager,MA,2110,10/26/1981,US Citizen,No,White,9/30/2013,,N/A-StillEmployed,Active,Production       ,Janet King,2,Website,Exceeds,4.1,3,0,1/21/2019,0,11
10186, Marilyn  Linares,F,Married,5,0,52624,Production Technician I,MA,1886,3/26/1981,US Citizen,No,White,7/5/2011,9/26/2018,unhappy,Voluntarily Terminated,Production       ,Michael Albert,22,Indeed,Fully Meets,3.18,4,0,3/2/2018,0,16
10137, Mathew Linden,M ,Married,5,0,63450,Production Technician II,MA,1770,3/19/1979,US Citizen,No,White,7/8/2013,,N/A-StillEmployed,Active,Production       ,Kelley Spirea,18,LinkedIn,Fully Meets,4,3,0,2/18/2019,0,7
10008, Leonara  Lindsay,F,Single,3,1,51777,IT Support,CT,6070,10/5/1988,US Citizen,Yes,Black or African American,1/21/2011,,N/A-StillEmployed,Active,IT/IS,Eric Dougall,6,Diversity Job Fair,Exceeds,4.64,4,5,1/25/2019,0,14
10096, Susan Lundy,F,Widowed,5,0,67237,Production Technician II,MA,2122,12/26/1976,US Citizen,No,White,7/8/2013,9/15/2016,more money,Voluntarily Terminated,Production       ,Michael Albert,22,LinkedIn,Fully Meets,4.65,4,0,6/10/2016,0,15
10035, Lisa Lunquist,F,Single,5,0,73330,Production Technician II,MA,2324,3/28/1982,US Citizen,No,Black or African American,8/19/2013,,N/A-StillEmployed,Active,Production       ,Elijiah Gray,16,Indeed,Exceeds,4.2,4,0,2/12/2019,0,19
10057, Allison Lydon,F,Married,5,0,52057,Production Technician I,MA,2122,10/22/1975,US Citizen,No,Black or African American,2/16/2015,,N/A-StillEmployed,Active,Production       ,Elijiah Gray,16,Website,Fully Meets,5,3,0,1/23/2019,0,6
10004, Lindsay Lynch,F,Single,5,1,47434,Production Technician I,MA,1844,2/14/1973,US Citizen,Yes,Black or African American,11/7/2011,11/14/2015,Another position,Voluntarily Terminated,Production       ,Webster Butler,39,Diversity Job Fair,Exceeds,5,4,0,2/2/2015,0,17
10191, Samuel MacLennan,M ,Widowed,5,0,52788,Production Technician I,MA,1938,11/9/1972,US Citizen,No,White,9/24/2012,9/26/2017,hours,Voluntarily Terminated,Production       ,Amy Dunn,11,Indeed,Fully Meets,3.08,4,0,4/1/2017,0,18
10219, Lauren   Mahoney,F,Single,5,0,45395,Production Technician I,MA,2189,7/7/1986,US Citizen,No,White,1/6/2014,,N/A-StillEmployed,Active,Production       ,Ketsia Liebig,19,LinkedIn,Fully Meets,4.6,4,0,2/26/2019,0,14
10077, Robyn Manchester,F,Married,5,0,62385,Production Technician II,MA,2324,8/25/1976,US Citizen,No,White,5/11/2016,,N/A-StillEmployed,Active,Production       ,Webster Butler,39,LinkedIn,Fully Meets,5,3,0,1/21/2019,0,4
10073, Karen Mancuso,F,Married,5,0,68407,Production Technician II,MA,2176,12/10/1986,US Citizen,No,Two or more races,7/5/2011,8/19/2012,Another position,Voluntarily Terminated,Production       ,Amy Dunn,11,LinkedIn,Fully Meets,5,4,0,7/2/2012,0,16
10279, Debbie Mangal,F,Married,5,0,61349,Production Technician I,MA,2451,11/7/1974,US Citizen,No,White,11/11/2013,,N/A-StillEmployed,Active,Production       ,Brannon Miller,12,LinkedIn,Fully Meets,4.1,3,0,1/22/2019,0,11
10110, Sandra Martin,F,Single,4,0,105688,Software Engineer,MA,2135,11/7/1987,US Citizen,No,Asian,11/11/2013,,N/A-StillEmployed,Active,Software Engineering,Alex Sweetwater,10,Google Search,Fully Meets,4.5,5,4,1/14/2019,0,14
10053, Shana Maurice,F,Married,5,0,54132,Production Technician I,MA,2330,11/22/1977,US Citizen,No,White,5/31/2011,,N/A-StillEmployed,Active,Production       ,David Stanley,14,Indeed,Fully Meets,5,4,0,1/10/2019,0,8
10076, B'rigit Carthy,F,Single,5,0,55315,Production Technician II,MA,2149,5/21/1987,US Citizen,No,Black or African American,3/30/2015,,N/A-StillEmployed,Active,Production       ,Ketsia Liebig,19,LinkedIn,Fully Meets,5,5,0,2/7/2019,0,16
10145, Sandy Mckenna,F,Married,5,0,62810,Production Technician I,MA,2184,1/7/1987,US Citizen,No,Black or African American,1/7/2013,,N/A-StillEmployed,Active,Production       ,Kissy Sullivan,20,CareerBuilder,Fully Meets,3.93,3,0,1/30/2019,0,20
10202, Jac McKinzie,M ,Married,6,0,63291,Area Sales Manager,TX,78789,7/1/1984,US Citizen,No,Two or more races,7/6/2016,,N/A-StillEmployed,Active,Sales,Lynn Daneault,21,Website,Fully Meets,3.4,4,0,1/29/2019,0,7
10128, Elizabeth Meads,F,Single,5,1,62659,Production Technician I,MA,1760,5/30/1968,US Citizen,No,Black or African American,4/2/2012,11/11/2016,Another position,Voluntarily Terminated,Production       ,Kelley Spirea,18,Diversity Job Fair,Fully Meets,4.18,4,0,2/5/2016,0,17
10068, Jennifer Medeiros,F,Single,5,0,55688,Production Technician I,MA,2346,9/22/1976,US Citizen,No,White,3/30/2015,,N/A-StillEmployed,Active,Production       ,Michael Albert,22,CareerBuilder,Fully Meets,5,4,0,1/21/2019,0,10
10116, Brannon Miller,M ,Single,5,0,83667,Production Manager,MA,2045,8/10/1981,US Citizen,yes,Hispanic,8/16/2012,,N/A-StillEmployed,Active,Production       ,Janet King,2,Indeed,Fully Meets,4.37,3,0,1/14/2019,0,2
10298, Ned Miller,M ,Single,5,0,55800,Production Technician II,MA,2472,6/29/1985,US Citizen,No,White,8/15/2011,9/4/2014,unhappy,Voluntarily Terminated,Production       ,Brannon Miller,12,LinkedIn,PIP,3,2,0,1/14/2013,6,6
10213, Erasumus Monkfish,M ,Married,5,0,58207,Production Technician II,MA,1450,8/17/1992,US Citizen,No,White,11/7/2011,,N/A-StillEmployed,Active,Production       ,David Stanley,14,LinkedIn,Fully Meets,3.7,3,0,1/8/2019,0,14
10288, Peter Monroe,M ,Married,3,1,157000,IT Manager - Infra,MA,2134,10/5/1986,Eligible NonCitizen,Yes,Black or African American,2/15/2012,,N/A-StillEmployed,Active,IT/IS,Jennifer Zamora,5,Diversity Job Fair,Needs Improvement,2.39,3,6,2/22/2019,4,13
10025, Luisa Monterro,F,Single,5,0,72460,Production Technician II,MA,2126,4/24/1970,US Citizen,No,Black or African American,5/13/2013,,N/A-StillEmployed,Active,Production       ,Kissy Sullivan,20,Indeed,Exceeds,4.7,3,0,1/14/2019,0,1
10223, Patrick Moran,M ,Single,5,1,72106,Production Technician II,MA,2127,12/3/1976,US Citizen,No,Black or African American,1/9/2012,,N/A-StillEmployed,Active,Production       ,Kelley Spirea,18,Diversity Job Fair,Fully Meets,4.1,4,0,1/31/2019,0,12
10151, Tanya Morway,F,Married,3,0,52599,Network Engineer,MA,2048,4/4/1979,US Citizen,No,White,2/16/2015,,N/A-StillEmployed,Active,IT/IS,Peter Monroe,7,CareerBuilder,Fully Meets,3.81,3,6,2/11/2019,0,6
10254,  Dawn Motlagh,F,Divorced,5,0,63430,Production Technician I,MA,2453,7/7/1984,US Citizen,No,White,4/1/2013,,N/A-StillEmployed,Active,Production       ,Elijiah Gray,16,LinkedIn,Fully Meets,4.4,4,0,1/17/2019,0,18
10120, Maliki  Moumanil,M ,Separated,5,0,74417,Production Technician II,MA,1460,12/1/1974,US Citizen,No,Black or African American,5/13/2013,,N/A-StillEmployed,Active,Production       ,Michael Albert,22,LinkedIn,Fully Meets,4.29,5,0,1/28/2019,0,11
10216, Michael Myers,M ,Single,5,0,57575,Production Technician I,MA,1550,4/18/1980,US Citizen,No,Asian,7/8/2013,,N/A-StillEmployed,Active,Production       ,Kissy Sullivan,20,LinkedIn,Fully Meets,4.1,4,0,1/22/2019,0,13
10079, Kurt Navathe,M ,Single,3,0,87921,Senior BI Developer,MA,2056,4/25/1970,US Citizen,No,Asian,2/10/2017,,N/A-StillEmployed,Active,IT/IS,Brian Champaigne,13,Indeed,Fully Meets,5,3,6,2/25/2019,0,17
10215, Colombui Ndzi,M ,Single,5,1,50470,Production Technician I,MA,2110,5/2/1989,US Citizen,No,Black or African American,9/26/2011,4/4/2014,return to school,Voluntarily Terminated,Production       ,Webster Butler,39,Diversity Job Fair,Fully Meets,4.3,3,0,3/2/2013,0,19
10185, Horia Ndzi,M ,Married,5,0,46664,Production Technician I,MA,2421,3/28/1983,US Citizen,No,White,4/1/2013,5/25/2016,more money,Voluntarily Terminated,Production       ,Amy Dunn,11,Employee Referral,Fully Meets,3.18,3,0,3/6/2016,0,10
10063, Richard  Newman,M ,Married,5,0,48495,Production Technician I,MA,2136,4/8/1977,US Citizen,No,White,5/12/2014,,N/A-StillEmployed,Active,Production       ,Ketsia Liebig,19,LinkedIn,Fully Meets,5,5,0,2/18/2019,0,11
10037, Shari  Ngodup,F,Separated,5,1,52984,Production Technician I,MA,1810,6/3/1967,US Citizen,No,Black or African American,4/1/2013,,N/A-StillEmployed,Active,Production       ,Brannon Miller,12,Diversity Job Fair,Exceeds,4,3,0,2/13/2019,0,12
10042, Dheepa Nguyen,F,Single,6,0,63695,Area Sales Manager,GA,30428,3/31/1989,US Citizen,No,Two or more races,7/8/2013,,N/A-StillEmployed,Active,Sales,Lynn Daneault,21,Indeed,Fully Meets,5,5,0,1/25/2019,0,2
10206, Lei-Ming Nguyen,F,Single,5,0,62061,Production Technician I,MA,2132,7/7/1984,US Citizen,No,White,7/8/2013,,N/A-StillEmployed,Active,Production       ,David Stanley,14,LinkedIn,Fully Meets,3.6,5,0,1/2/2019,0,4
10104, Kristie Nowlan,F,Single,5,0,66738,Production Technician II,MA,1040,11/23/1985,US Citizen,No,White,11/10/2014,,N/A-StillEmployed,Active,Production       ,Elijiah Gray,16,Indeed,Fully Meets,4.53,5,0,1/16/2019,0,5
10303, Lynn O'hare,F,Single,5,0,52674,Production Technician I,MA,2152,9/30/1980,US Citizen,No,Two or more races,3/31/2014,5/1/2018,performance,Terminated for Cause,Production       ,Kissy Sullivan,20,LinkedIn,PIP,2.33,2,0,3/9/2018,6,3
10078, Brooke  Oliver,F,Married,5,0,71966,Production Technician II,MA,2492,2/11/1952,US Citizen,No,Asian,5/14/2012,8/19/2013,unhappy,Voluntarily Terminated,Production       ,Webster Butler,39,LinkedIn,Fully Meets,5,3,0,7/2/2013,0,17
10121, Jasmine Onque,F,Single,6,0,63051,Area Sales Manager,FL,33174,5/11/1990,US Citizen,Yes,White,9/30/2013,,N/A-StillEmployed,Active,Sales,Lynn Daneault,21,Indeed,Fully Meets,4.28,3,0,1/25/2019,0,1
10021, Adeel Osturnka,M ,Married,5,0,47414,Production Technician I,MA,2478,12/11/1976,US Citizen,No,White,9/30/2013,,N/A-StillEmployed,Active,Production       ,Kelley Spirea,18,LinkedIn,Exceeds,5,3,0,2/7/2019,0,13
10281, Clinton Owad,M ,Single,5,0,53060,Production Technician I,MA,1760,11/24/1979,US Citizen,No,Black or African American,2/17/2014,,N/A-StillEmployed,Active,Production       ,Michael Albert,22,LinkedIn,Needs Improvement,4.25,3,0,2/4/2019,4,6
10041, Travis Ozark,M ,Single,6,0,68829,Area Sales Manager,NC,27229,5/19/1982,US Citizen,No,White,1/5/2015,,N/A-StillEmployed,Active,Sales,John Smith,17,Website,Fully Meets,5,5,0,1/14/2019,0,18
10148, Nina Panjwani,F,Married,5,0,63515,Production Technician I,MA,2351,5/1/1979,US Citizen,No,White,2/7/2011,1/12/2014,Another position,Voluntarily Terminated,Production       ,Elijiah Gray,16,Google Search,Fully Meets,3.89,4,0,3/4/2013,0,7
10005, Lucas Patronick,M ,Single,4,1,108987,Software Engineer,MA,1844,2/20/1979,US Citizen,No,Black or African American,11/7/2011,9/7/2015,Another position,Voluntarily Terminated,Software Engineering,Alex Sweetwater,10,Diversity Job Fair,Exceeds,5,5,3,8/16/2015,0,13
10259, Randall Pearson,M ,Married,3,0,93093,Data Analyst,MA,2747,9/5/1984,US Citizen,No,White,12/1/2014,5/1/2016,performance,Voluntarily Terminated,IT/IS,Simon Roup,4,Employee Referral,Fully Meets,4.7,4,5,1/16/2016,0,19
10286, Martin Smith,M ,Single,5,0,53564,Production Technician I,MA,2458,3/17/1988,US Citizen,No,Black or African American,1/10/2011,12/28/2017,career change,Voluntarily Terminated,Production       ,Webster Butler,39,Google Search,Needs Improvement,3.54,5,0,4/6/2017,4,15
10297, Ermine Pelletier,F,Married,5,0,60270,Production Technician II,MA,2472,7/18/1989,US Citizen,No,Asian,7/5/2011,9/15/2015,unhappy,Voluntarily Terminated,Production       ,Amy Dunn,11,CareerBuilder,Needs Improvement,2.4,5,0,2/6/2015,5,2
10171, Shakira Perry,F,Single,5,0,45998,Production Technician I,MA,2176,7/20/1986,US Citizen,No,White,5/16/2011,10/25/2015,medical issues,Voluntarily Terminated,Production       ,Amy Dunn,11,LinkedIn,Fully Meets,3.45,4,0,5/13/2014,0,5
10032, Lauren Peters,F,Married,5,0,57954,Production Technician II,MA,1886,8/17/1986,US Citizen,No,White,5/16/2011,2/4/2013,more money,Voluntarily Terminated,Production       ,Ketsia Liebig,19,Indeed,Exceeds,4.2,5,0,1/10/2013,0,12
10130, Ebonee   Peterson,F,Married,5,0,74669,Production Manager,MA,2030,5/9/1977,US Citizen,No,White,10/25/2010,5/18/2016,Another position,Voluntarily Terminated,Production       ,Janet King,2,Indeed,Fully Meets,4.16,5,0,3/5/2015,0,6
10217, Shana   Petingill,F,Married,5,0,74226,Production Technician II,MA,2050,3/10/1979,Eligible NonCitizen,No,Asian,4/2/2012,,N/A-StillEmployed,Active,Production       ,Brannon Miller,12,LinkedIn,Fully Meets,4.3,3,0,1/14/2019,0,14
10016, Thelma Petrowsky,F,Married,3,0,93554,Data Analyst,MA,1886,9/16/1984,US Citizen,No,Black or African American,11/10/2014,,N/A-StillEmployed,Active,IT/IS,Simon Roup,4,Employee Referral,Exceeds,4.6,5,7,1/4/2019,0,16
10050, Hong Pham,M ,Married,5,0,64724,Production Technician I,MA,2451,3/6/1988,US Citizen,No,Asian,7/5/2011,11/30/2012,more money,Voluntarily Terminated,Production       ,Brannon Miller,12,Google Search,Fully Meets,5,3,0,2/20/2012,0,13
10164, Brad  Pitt,M ,Single,5,0,47001,Production Technician I,MA,2451,11/23/1981,US Citizen,No,White,11/5/2007,,N/A-StillEmployed,Active,Production       ,David Stanley,14,Google Search,Fully Meets,3.66,3,0,2/25/2019,0,15
10124, Xana Potts,F,Married,6,0,61844,Area Sales Manager,KY,40220,8/29/1988,US Citizen,No,Black or African American,1/9/2012,,N/A-StillEmployed,Active,Sales,Lynn Daneault,21,Website,Fully Meets,4.2,5,0,2/1/2019,0,9
10187, Morissa Power,F,Divorced,5,0,46799,Production Technician I,MA,1742,10/15/1984,Eligible NonCitizen,No,Asian,5/16/2011,6/4/2018,Another position,Voluntarily Terminated,Production       ,Kissy Sullivan,20,Google Search,Fully Meets,3.17,4,0,4/2/2018,0,14
10225, Louis   Punjabhi,M ,Single,5,0,59472,Production Technician I,MA,2109,6/19/1961,US Citizen,No,White,1/6/2014,,N/A-StillEmployed,Active,Production       ,Kelley Spirea,18,Employee Referral,Fully Meets,4.8,3,0,1/7/2019,0,14
10262, Janine Purinton,F,Divorced,5,0,46430,Production Technician I,MA,2474,9/22/1970,US Citizen,No,White,9/24/2012,6/18/2013,unhappy,Voluntarily Terminated,Production       ,Kissy Sullivan,20,Indeed,Fully Meets,4.5,5,0,4/2/2013,0,16
10131, Sean Quinn,M ,Married,1,1,83363,Software Engineer,MA,2045,11/6/1984,Eligible NonCitizen,No,Black or African American,2/21/2011,8/15/2015,career change,Voluntarily Terminated,Software Engineering,Janet King,2,Diversity Job Fair,Fully Meets,4.15,4,0,4/19/2014,0,4
10239, Maggie Rachael,F,Married,3,0,95920,BI Developer,MA,2110,5/12/1980,US Citizen,No,Black or African American,10/2/2016,,N/A-StillEmployed,Active,IT/IS,Brian Champaigne,13,Indeed,Fully Meets,4.4,4,6,2/6/2019,0,10
10152, Quinn Rarrick,M ,Divorced,5,0,61729,Production Technician I,MA,2478,12/31/1984,US Citizen,No,White,9/26/2011,4/7/2018,more money,Voluntarily Terminated,Production       ,Michael Albert,22,Indeed,Fully Meets,3.8,5,0,2/4/2018,0,19
10140, Kylo Ren,M ,Married,6,0,61809,Area Sales Manager,ID,83706,10/12/1954,US Citizen,No,White,5/12/2014,,N/A-StillEmployed,Active,Sales,John Smith,17,CareerBuilder,Fully Meets,3.98,3,0,1/28/2019,0,4
10058, Thomas Rhoads,M ,Divorced,5,0,45115,Production Technician I,MA,2176,7/22/1982,US Citizen,Yes,White,5/16/2011,1/15/2016,retiring,Voluntarily Terminated,Production       ,Elijiah Gray,16,LinkedIn,Fully Meets,5,4,0,3/30/2015,0,11
10011, Haley   Rivera,F,Married,5,0,46738,Production Technician I,MA,2171,1/12/1973,US Citizen,No,Asian,11/28/2011,,N/A-StillEmployed,Active,Production       ,Webster Butler,39,Google Search,Exceeds,4.36,5,0,2/11/2019,0,16
10230, May Roberson,F,Divorced,5,0,64971,Production Technician II,MA,1902,9/5/1981,Eligible NonCitizen,No,Black or African American,9/26/2011,10/22/2011,return to school,Voluntarily Terminated,Production       ,David Stanley,14,Google Search,Fully Meets,4.5,4,0,10/22/2011,0,10
10224, Peter Robertson,M ,Married,5,0,55578,Production Technician II,MA,2138,7/3/1972,US Citizen,No,White,7/5/2011,2/8/2012,Another position,Voluntarily Terminated,Production       ,Kissy Sullivan,20,Indeed,Fully Meets,4.2,5,0,1/6/2012,0,13
10047, Alain   Robinson,M ,Married,5,0,50428,Production Technician I,MA,1420,1/7/1974,US Citizen,No,Black or African American,1/10/2011,1/26/2016,attendance,Voluntarily Terminated,Production       ,Amy Dunn,11,Indeed,Fully Meets,5,3,0,1/10/2015,0,11
10285, Cherly Robinson,F,Married,5,0,61422,Production Technician I,MA,1460,1/7/1985,US Citizen,No,White,1/10/2011,5/17/2016,attendance,Terminated for Cause,Production       ,Ketsia Liebig,19,Indeed,Needs Improvement,3.6,3,0,4/5/2016,4,16
10020, Elias Robinson,M ,Widowed,5,0,63353,Production Technician I,MA,1730,1/28/1985,US Citizen,No,White,7/8/2013,,N/A-StillEmployed,Active,Production       ,Brannon Miller,12,Employee Referral,Exceeds,3.6,5,0,2/11/2019,0,4
10162, Lori  Roby,F,Married,3,0,89883,Data Analyst,MA,1886,10/11/1981,US Citizen,No,White,2/16/2015,,N/A-StillEmployed,Active,IT/IS,Simon Roup,4,Employee Referral,Fully Meets,3.69,5,6,2/14/2019,0,15
10149, Bianca Roehrich,F,Single,3,0,120000,Principal Data Architect,MA,2703,5/27/1973,US Citizen,Yes,White,1/5/2015,11/10/2018,Another position,Voluntarily Terminated,IT/IS,Simon Roup,4,LinkedIn,Fully Meets,3.88,3,7,2/13/2018,0,12
10086, Katie Roper,F,Single,3,0,150290,Data Architect,MA,2056,11/21/1972,US Citizen,No,Black or African American,1/7/2017,,N/A-StillEmployed,Active,IT/IS,Brian Champaigne,13,Indeed,Fully Meets,4.94,3,5,2/6/2019,0,17
10054, Ashley   Rose,F,Separated,5,0,60627,Production Technician I,MA,1886,12/5/1974,US Citizen,No,White,1/6/2014,,N/A-StillEmployed,Active,Production       ,David Stanley,14,Website,Fully Meets,5,4,0,1/31/2019,0,8
10065, Bruno Rossetti,M ,Single,5,0,53180,Production Technician I,MA,2155,3/18/1987,US Citizen,No,White,4/4/2011,8/13/2018,Another position,Voluntarily Terminated,Production       ,Kissy Sullivan,20,Google Search,Fully Meets,5,5,0,7/2/2018,0,4
10198,Simon Roup,M ,Single,3,0,140920,IT Manager - DB,MA,2481,4/5/1973,US Citizen,No,White,1/20/2013,,N/A-StillEmployed,Active,IT/IS,Jennifer Zamora,5,Indeed,Fully Meets,3.6,5,7,2/18/2019,0,13
10222, Ricardo Ruiz,M ,Divorced,3,1,148999,IT Manager - DB,MA,1915,1/4/1964,US Citizen,No,Black or African American,1/9/2012,11/4/2015,hours,Voluntarily Terminated,IT/IS,Jennifer Zamora,5,Diversity Job Fair,Fully Meets,4.3,4,6,1/4/2015,0,8
10126, Adell Saada,F,Married,4,0,86214,Software Engineer,MA,2132,7/24/1986,US Citizen,No,White,11/5/2012,,N/A-StillEmployed,Active,Software Engineering,Alex Sweetwater,10,Indeed,Fully Meets,4.2,3,6,2/13/2019,0,2
10295, Melinda Saar-Beckles,F,Single,5,1,47750,Production Technician I,MA,1801,6/6/1968,US Citizen,No,Black or African American,7/4/2016,,N/A-StillEmployed,Active,Production       ,Kelley Spirea,18,Diversity Job Fair,Needs Improvement,2.6,4,0,2/18/2019,5,4
10260, Nore   Sadki,M ,Single,5,0,46428,Production Technician I,MA,2148,12/21/1974,US Citizen,No,White,1/5/2009,7/30/2018,relocation out of area,Voluntarily Terminated,Production       ,Michael Albert,22,Google Search,Fully Meets,4.6,5,0,2/5/2018,0,7
10233, Adil Sahoo,M ,Married,5,0,57975,Production Technician II,MA,2062,4/26/1986,US Citizen,No,White,8/30/2010,,N/A-StillEmployed,Active,Production       ,Kelley Spirea,18,CareerBuilder,Fully Meets,4.1,3,0,1/10/2019,0,13
10229, Jason Salter,M ,Divorced,3,0,88527,Data Analyst ,MA,2452,12/17/1987,US Citizen,No,Black or African American,1/5/2015,10/31/2015,hours,Voluntarily Terminated,IT/IS,Simon Roup,4,LinkedIn,Fully Meets,4.2,3,5,4/20/2015,0,2
10169, Kamrin Sander,F,Married,5,0,56147,Production Technician I,MA,2154,7/10/1988,US Citizen,No,Black or African American,9/29/2014,,N/A-StillEmployed,Active,Production       ,Elijiah Gray,16,LinkedIn,Fully Meets,3.51,3,0,2/18/2019,0,2
10071, Nori Sewkumar,F,Single,5,0,50923,Production Technician I,MA,2191,3/10/1975,US Citizen,No,Asian,9/30/2013,,N/A-StillEmployed,Active,Production       ,Webster Butler,39,Google Search,Fully Meets,5,5,0,2/6/2019,0,14
10179, Anita  Shepard,F,Married,3,0,50750,Network Engineer,MA,1773,4/14/1981,US Citizen,No,White,9/30/2014,,N/A-StillEmployed,Active,IT/IS,Peter Monroe,7,LinkedIn,Fully Meets,3.31,3,6,1/7/2019,0,7
10091, Seffi Shields,F,Married,5,0,52087,Production Technician I,MA,2149,8/24/1985,US Citizen,No,White,8/19/2013,,N/A-StillEmployed,Active,Production       ,Amy Dunn,11,LinkedIn,Fully Meets,4.81,4,0,2/15/2019,0,15
10178, Kramer Simard,M ,Married,3,0,87826,Data Analyst,MA,2110,2/8/1970,US Citizen,Yes,White,1/5/2015,,N/A-StillEmployed,Active,IT/IS,Simon Roup,4,Employee Referral,Fully Meets,3.32,3,7,1/14/2019,0,16
10039, Nan  Singh,F,Single,1,0,51920,Administrative Assistant,MA,2330,5/19/1988,US Citizen,No,White,5/1/2015,,N/A-StillEmployed,Active,Admin Offices,Brandon R. LeBlanc,1,Website,Fully Meets,5,3,5,1/15/2019,0,2
10095, Constance Sloan,F,Single,5,0,63878,Production Technician II,MA,1851,11/25/1987,US Citizen,No,White,10/26/2009,4/8/2015,maternity leave - did not return,Voluntarily Terminated,Production       ,Michael Albert,22,CareerBuilder,Fully Meets,4.68,4,0,4/2/2015,0,20
10027, Joe Smith,M ,Single,5,0,60656,Production Technician II,MA,2045,10/30/1963,US Citizen,No,White,9/29/2014,,N/A-StillEmployed,Active,Production       ,Elijiah Gray,16,Indeed,Exceeds,4.3,3,0,1/28/2019,0,4
10291, John Smith,M ,Divorced,6,1,72992,Sales Manager,MA,1886,8/16/1984,US Citizen,No,Black or African American,5/18/2014,,N/A-StillEmployed,Active,Sales,Debra Houlihan,15,Diversity Job Fair,Needs Improvement,2.4,4,0,1/16/2019,2,16
10153, Leigh Ann Smith,F,Married,1,1,55000,Administrative Assistant,MA,1844,6/14/1987,US Citizen,No,Black or African American,9/26/2011,9/25/2013,career change,Voluntarily Terminated,Admin Offices,Brandon R. LeBlanc,1,Diversity Job Fair,Fully Meets,3.8,4,4,8/15/2013,0,17
10157, Sade Smith,F,Single,5,0,58939,Production Technician I,MA,2130,2/2/1965,US Citizen,No,White,11/11/2013,,N/A-StillEmployed,Active,Production       ,Ketsia Liebig,19,Employee Referral,Fully Meets,3.73,3,0,1/24/2019,0,16
10119, Julia  Soto,F,Married,3,0,66593,IT Support,MA,2360,3/12/1973,US Citizen,No,Black or African American,6/10/2011,,N/A-StillEmployed,Active,IT/IS,Eric Dougall,6,LinkedIn,Fully Meets,4.3,3,5,2/8/2019,0,19
10180, Keyser Soze,M ,Married,3,0,87565,Sr. Network Engineer,MA,1545,2/9/1983,US Citizen,No,Asian,6/30/2016,,N/A-StillEmployed,Active,IT/IS,Peter Monroe,7,LinkedIn,Fully Meets,3.27,4,5,1/14/2019,0,13
10302, Taylor   Sparks,F,Married,5,0,64021,Production Technician I,MA,2093,7/20/1968,US Citizen,No,White,2/20/2012,,N/A-StillEmployed,Active,Production       ,Brannon Miller,12,Indeed,PIP,2.4,2,1,2/25/2019,6,20
10090, Kelley Spirea,F,Married,5,0,65714,Production Manager,MA,2451,9/30/1975,US Citizen,No,White,10/2/2012,,N/A-StillEmployed,Active,Production       ,Janet King,2,LinkedIn,Fully Meets,4.83,5,0,2/14/2019,0,15
10030, Kristen Squatrito,F,Divorced,5,0,62425,Production Technician I,MA,2359,3/26/1973,US Citizen,No,White,5/13/2013,6/29/2015,unhappy,Voluntarily Terminated,Production       ,David Stanley,14,LinkedIn,Exceeds,4.1,4,0,3/2/2015,0,16
10278,Barbara  M Stanford,F,Divorced,5,0,47961,Production Technician I,MA,2050,8/25/1982,US Citizen,No,Two or more races,1/10/2011,,N/A-StillEmployed,Active,Production       ,Kissy Sullivan,20,Google Search,Fully Meets,4.1,4,0,2/7/2019,0,9
10307, Norman Stansfield,M ,Married,6,0,58273,Area Sales Manager,NV,89139,5/9/1974,US Citizen,No,White,5/12/2014,,N/A-StillEmployed,Active,Sales,Lynn Daneault,21,Website,PIP,1.81,2,0,1/17/2019,3,5
10147, Tyrone   Steans,M ,Single,1,0,63003,Accountant I,MA,2703,9/1/1986,US Citizen,No,White,9/29/2014,,N/A-StillEmployed,Active,Admin Offices,Brandon R. LeBlanc,1,Indeed,Fully Meets,3.9,5,5,1/18/2019,0,9
10266, Rick Stoica,M ,Married,5,0,61355,Production Technician I,MA,2301,3/14/1985,US Citizen,No,Asian,2/17/2014,,N/A-StillEmployed,Active,Production       ,Kelley Spirea,18,LinkedIn,Fully Meets,4.7,3,0,1/11/2019,0,4
10241, Caitrin Strong,F,Married,6,0,60120,Area Sales Manager,MT,59102,5/12/1989,US Citizen,No,Black or African American,9/27/2010,,N/A-StillEmployed,Active,Sales,John Smith,17,Indeed,Fully Meets,4.1,4,0,1/31/2019,0,18
10158, Kissy  Sullivan,F,Married,5,0,63682,Production Manager,MA,1776,3/28/1978,US Citizen,No,Black or African American,1/8/2009,,N/A-StillEmployed,Active,Production       ,Janet King,2,Indeed,Fully Meets,3.73,4,0,1/24/2019,0,12
10117, Timothy Sullivan,M ,Married,5,0,63025,Production Technician I,MA,2747,10/7/1982,US Citizen,Yes,White,1/5/2015,,N/A-StillEmployed,Active,Production       ,Michael Albert,22,Google Search,Fully Meets,4.36,5,0,1/24/2019,0,10
10209, Barbara Sutwell,F,Single,5,0,59238,Production Technician I,MA,2718,8/15/1968,Eligible NonCitizen,No,Asian,5/14/2012,,N/A-StillEmployed,Active,Production       ,Elijiah Gray,16,Indeed,Fully Meets,3.4,5,0,1/31/2019,0,13
10024, Andrew Szabo,M ,Single,4,0,92989,Software Engineer,MA,2140,5/6/1983,US Citizen,No,White,7/7/2014,,N/A-StillEmployed,Active,Software Engineering,Alex Sweetwater,10,LinkedIn,Exceeds,4.5,5,5,2/18/2019,0,1
10173, Biff Tannen,M ,Married,3,0,90100,BI Developer,MA,2134,10/24/1987,US Citizen,No,White,4/20/2017,,N/A-StillEmployed,Active,IT/IS,Brian Champaigne,13,Indeed,Fully Meets,3.4,3,6,1/2/2019,0,14
10221, Desiree   Tavares,F,Married,5,1,60754,Production Technician I,MA,1801,4/3/1975,Non-Citizen,No,Black or African American,4/27/2009,4/1/2013,Another position,Voluntarily Terminated,Production       ,Webster Butler,39,Diversity Job Fair,Fully Meets,4.5,5,0,2/15/2012,0,11
10146, Lenora  Tejeda,F,Married,5,0,72202,Production Technician II,MA,2129,5/24/1953,US Citizen,No,White,5/16/2011,7/8/2017,Another position,Voluntarily Terminated,Production       ,Elijiah Gray,16,Google Search,Fully Meets,3.93,3,0,4/18/2017,0,3
10161, Sharlene  Terry,F,Single,6,0,58370,Area Sales Manager,OR,97756,5/7/1965,US Citizen,No,Black or African American,9/29/2014,,N/A-StillEmployed,Active,Sales,Lynn Daneault,21,Indeed,Fully Meets,3.69,3,0,1/28/2019,0,18
10141, Sophia Theamstern,F,Single,5,0,48413,Production Technician I,MA,2066,5/9/1965,US Citizen,No,White,7/5/2011,9/5/2016,return to school,Voluntarily Terminated,Production       ,Amy Dunn,11,Indeed,Fully Meets,3.98,4,0,3/2/2016,0,1
10268, Kenneth Thibaud,M ,Widowed,5,0,67176,Production Technician II,MA,2472,9/16/1975,US Citizen,No,White,6/25/2007,8/30/2010,military,Voluntarily Terminated,Production       ,Webster Butler,39,Other,Fully Meets,4.1,4,0,7/14/2010,0,15
10123, Jeanette Tippett,F,Divorced,5,0,56339,Production Technician I,MA,2093,6/5/1967,US Citizen,No,Black or African American,2/18/2013,,N/A-StillEmployed,Active,Production       ,Brannon Miller,12,Indeed,Fully Meets,4.21,5,0,1/14/2019,0,4
10013, Jack Torrence,M ,Separated,6,0,64397,Area Sales Manager,ND,58782,1/15/1968,US Citizen,No,White,1/9/2006,,N/A-StillEmployed,Active,Sales,Lynn Daneault,21,Indeed,Exceeds,4.1,3,0,1/4/2019,0,6
10287, Mei Trang,F,Single,5,0,63025,Production Technician I,MA,2021,5/16/1983,US Citizen,No,White,2/17/2014,,N/A-StillEmployed,Active,Production       ,David Stanley,14,LinkedIn,Needs Improvement,2.44,5,0,2/11/2019,4,18
10044, Neville  Tredinnick,M ,Married,3,0,75281,Network Engineer,MA,1420,5/5/1988,US Citizen,No,White,1/5/2015,2/12/2016,medical issues,Voluntarily Terminated,IT/IS,Peter Monroe,7,CareerBuilder,Fully Meets,5,3,5,4/15/2015,0,11
10102, Edward True,M ,Single,4,1,100416,Software Engineer,MA,2451,6/14/1983,Non-Citizen,No,Black or African American,2/18/2013,4/15/2018,medical issues,Voluntarily Terminated,Software Engineering,Alex Sweetwater,10,Diversity Job Fair,Fully Meets,4.6,3,4,2/12/2017,0,9
10270, Cybil Trzeciak,F,Single,5,0,74813,Production Technician II,MA,1778,3/15/1985,US Citizen,No,White,1/10/2011,7/2/2014,unhappy,Voluntarily Terminated,Production       ,Amy Dunn,11,LinkedIn,Fully Meets,4.4,3,0,1/5/2014,0,5
10045, Jumil Turpin,M ,Married,3,0,76029,Network Engineer,MA,2343,3/31/1969,Eligible NonCitizen,No,White,3/30/2015,,N/A-StillEmployed,Active,IT/IS,Peter Monroe,7,Employee Referral,Fully Meets,5,4,7,1/14/2019,0,8
10205,Jackie Valentin,F,Married,6,0,57859,Area Sales Manager,AZ,85006,5/23/1991,US Citizen,No,Two or more races,7/5/2011,,N/A-StillEmployed,Active,Sales,John Smith,17,Indeed,Fully Meets,2.81,3,0,1/17/2019,0,16
10014, Abdellah  Veera,M ,Divorced,5,0,58523,Production Technician I,MA,2171,1/31/1987,US Citizen,No,White,8/13/2012,2/5/2016,maternity leave - did not return,Voluntarily Terminated,Production       ,Kissy Sullivan,20,LinkedIn,Exceeds,4.5,5,0,2/1/2016,0,15
10144, Vincent Vega,M ,Divorced,5,0,88976,Production Manager,MA,2169,10/10/1968,US Citizen,No,White,8/1/2011,,N/A-StillEmployed,Active,Production       ,Janet King,2,Employee Referral,Fully Meets,3.93,3,0,2/27/2019,0,19
10253, Noah Villanueva,M ,Single,6,0,55875,Area Sales Manager,ME,4063,7/11/1989,US Citizen,No,Asian,3/5/2012,,N/A-StillEmployed,Active,Sales,John Smith,17,Website,Fully Meets,4.5,4,0,1/18/2019,0,11
10118, Lord Voldemort,M ,Married,3,0,113999,Database Administrator,MA,1960,8/7/1986,US Citizen,No,Black or African American,2/16/2015,2/22/2017,"no-call, no-show",Terminated for Cause,IT/IS,Simon Roup,4,Employee Referral,Fully Meets,4.33,3,7,2/15/2017,0,9
10022, Colleen Volk,F,Married,5,0,49773,Production Technician I,MA,2747,6/3/1986,US Citizen,No,White,9/26/2011,2/8/2016,gross misconduct,Terminated for Cause,Production       ,Kelley Spirea,18,Google Search,Exceeds,4.3,5,0,2/1/2015,0,18
10183, Anna Von Massenbach,F,Single,5,0,62068,Production Technician I,MA,2124,4/6/1985,US Citizen,No,White,7/5/2015,,N/A-StillEmployed,Active,Production       ,Michael Albert,22,LinkedIn,Fully Meets,3.21,3,0,1/29/2019,0,7
10190, Roger Walker,M ,Single,5,0,66541,Production Technician II,MA,2459,2/10/1976,US Citizen,No,Black or African American,8/18/2014,,N/A-StillEmployed,Active,Production       ,Ketsia Liebig,19,Employee Referral,Fully Meets,3.11,5,0,2/12/2019,0,4
10274, Courtney  E Wallace,F,Married,5,1,80512,Production Manager,MA,2478,11/14/1955,US Citizen,No,Black or African American,9/26/2011,1/2/2012,Another position,Voluntarily Terminated,Production       ,Janet King,2,Diversity Job Fair,Fully Meets,4.5,3,0,1/2/2012,0,5
10293, Theresa Wallace,F,Single,5,0,50274,Production Technician I,MA,1887,8/2/1980,US Citizen,No,White,8/13/2012,9/1/2015,career change,Voluntarily Terminated,Production       ,Elijiah Gray,16,CareerBuilder,Needs Improvement,2.5,3,0,9/5/2014,6,13
10172, Charlie Wang,M ,Single,3,0,84903,Senior BI Developer,MA,1887,7/8/1981,US Citizen,No,Asian,2/15/2017,,N/A-StillEmployed,Active,IT/IS,Brian Champaigne,13,Indeed,Fully Meets,3.42,4,7,1/4/2019,0,17
10127, Sarah Warfield,F,Widowed,3,0,107226,Sr. Network Engineer,MA,2453,5/2/1978,US Citizen,No,Asian,3/30/2015,,N/A-StillEmployed,Active,IT/IS,Peter Monroe,7,Employee Referral,Fully Meets,4.2,4,8,2/5/2019,0,7
10072, Scott Whittier,M ,Single,5,0,58371,Production Technician I,MA,2030,5/24/1987,US Citizen,Yes,White,1/10/2011,5/15/2014,hours,Voluntarily Terminated,Production       ,Webster Butler,39,LinkedIn,Fully Meets,5,5,0,5/15/2014,0,11
10048, Barry Wilber,M ,Married,5,0,55140,Production Technician I,MA,2324,9/9/1965,Eligible NonCitizen,No,White,5/16/2011,9/7/2015,unhappy,Voluntarily Terminated,Production       ,Amy Dunn,11,Website,Fully Meets,5,3,0,2/15/2015,0,7
10204, Annie Wilkes,F,Divorced,5,0,58062,Production Technician I,MA,1876,7/30/1983,US Citizen,No,White,1/10/2011,5/14/2012,Another position,Voluntarily Terminated,Production       ,Ketsia Liebig,19,Google Search,Fully Meets,3.6,5,0,2/6/2011,0,9
10264, Jacquelyn   Williams,F,Single,5,1,59728,Production Technician I,MA,2109,10/2/1969,US Citizen,Yes,Black or African American,1/9/2012,6/27/2015,relocation out of area,Voluntarily Terminated,Production       ,Ketsia Liebig,19,Diversity Job Fair,Fully Meets,4.3,4,0,6/2/2014,0,16
10033, Jordan   Winthrop,M ,Single,5,0,70507,Production Technician II,MA,2045,11/7/1958,US Citizen,No,White,1/7/2013,2/21/2016,retiring,Voluntarily Terminated,Production       ,Brannon Miller,12,LinkedIn,Exceeds,5,3,0,1/19/2016,0,7
10174, Hang  T Wolk,F,Single,5,0,60446,Production Technician II,MA,2302,4/20/1985,US Citizen,No,White,9/29/2014,,N/A-StillEmployed,Active,Production       ,David Stanley,14,LinkedIn,Fully Meets,3.4,4,0,2/21/2019,0,14
10135, Jason Woodson,M ,Single,5,0,65893,Production Technician II,MA,1810,5/11/1985,US Citizen,No,White,7/7/2014,,N/A-StillEmployed,Active,Production       ,Kissy Sullivan,20,LinkedIn,Fully Meets,4.07,4,0,2/28/2019,0,13
10301, Catherine  Ybarra,F,Single,5,0,48513,Production Technician I,MA,2458,5/4/1982,US Citizen,No,Asian,9/2/2008,9/29/2015,Another position,Voluntarily Terminated,Production       ,Brannon Miller,12,Google Search,PIP,3.2,2,0,9/2/2015,5,4
10010, Jennifer Zamora,F,Single,3,0,220450,CIO,MA,2067,8/30/1979,US Citizen,No,White,4/10/2010,,N/A-StillEmployed,Active,IT/IS,Janet King,2,Employee Referral,Exceeds,4.6,5,6,2/21/2019,0,16
10043, Julia Zhou,F,Single,3,0,89292,Data Analyst,MA,2148,2/24/1979,US Citizen,No,White,3/30/2015,,N/A-StillEmployed,Active,IT/IS,Simon Roup,4,Employee Referral,Fully Meets,5,3,5,2/1/2019,0,11
10271, Colleen Zima,F,Widowed,5,0,45046,Production Technician I,MA,1730,8/17/1978,US Citizen,No,Asian,9/29/2014,,N/A-StillEmployed,Active,Production       ,David Stanley,14,LinkedIn,Fully Meets,4.5,5,0,1/30/2019,0,2
